{
    "base_folder": "C:/Users/aron/Desktop/Python_AI_Business/data",
    "raw_housing_file_name": "housing_data.csv",
    "loading_params": {
        "reload_clean_data": false
    },
    "cleaning_params": {},
    "training_params": {
        "perform_hypertuning": false,
        "test_set_percentage": 0.2,
        "cross_val_splits": 5,
        "target": "verkoopduur",
        "model_type": "rf",
        "hypertuning": {
            "RF_params": {
                "n_estimators": [10, 50, 100],
                "max_depth": [16, 32, 64] 
            },
            "NN_params": {
                "epochs": [5, 10, 15],
                "batch_size": [32, 64, 128]
            }
        }
    },
    "validation_params": {
        "optimal_rf_params": {"n_estimators": 100, "max_depth": 64},
        "optimal_nn_params": {
            "batch_size": 128,
            "epochs": 15
        } 

    }

}
